Job Title,Company Name,links,description,Key Skills
Data Analysis,"    Infosys Technologies Ltd        ",https://www.timesjobs.com/job-detail/data-analysis-infosys-technologies-ltd-canada-4-to-7-yrs-jobid-y__SLASH__LqztVaq0NzpSvf__PLUS__uAgZw==&source=srp,"Job Description
		        Job DescriptionInfosys is seeking a Data Analysis. This position will interface with key stakeholders and apply technical proficiency across different stages of the Software Development Life Cycle including Requirements Elicitation, Application Architecture definition and Design; play an important role in creating the high level design artifacts; deliver high quality code deliverables for a module, lead validation for all types of testing and support activities related to implementation, transition and warranty. This is an opportunity to be part of a learning culture, where teamwork and collaboration are encouraged, excellence is rewarded, and diversity is respected and valued.Required Qualifications:Candidate must be located within commuting distance of Mississauga, Ontario or be willing to relocate to the area. This position may require travel.Bachelors degree or foreign equivalent required from an accredited institution. Will also consider three years of progressive experience in the specialty in lieu of every year of education.At least 4 years of Information Technology experience.Canadian citizens and those authorized to work in the Canada are encouraged to apply. We are unable to sponsor at this time.Preferred Qualification : Develop, implement and maintain Tableau analytical dashboards to support business and IT groups across the organizationDesign and implement reporting and visualization for unstructured and structured data setsWrite and optimize SQL queriesProvide technical support in defining a business partner approach to self-serviceCreate template for Dashboards/Reports to be used by other BI Analyst and End UsersDesign, develop and operationalize dashboards and reports for Senior and Executive ManagementProvide expertise on how to use the Tableau in performing AnalysisProvide best practices and industry standards to guide BI strategies developmentEnsure a consistent design and/or approach for analytics across the business areasAnalysis, design and development services for Tableau workbooks in support of the Analytics environment","visualization 
information technology 
bi 
dashboards 
high level design 
data analysis 
big data analytics 
consulting 
tableau 
consultant 
analyst"
Data Analysis Internship in Mumbai,"    Maxgen Technologies     (More Jobs) ",https://www.timesjobs.com/job-detail/data-analysis-internship-in-mumbai-maxgen-technologies-mumbai-dombivali-kalyan-navi-mumbai-thane-0-to-1-yrs-jobid-JWr79sIx__PLUS__DhzpSvf__PLUS__uAgZw==&source=srp,"Job Description
Maxgen technologies pvt ltd offering live project web development internship in mumbai. We are offering internships in  data aanlysis and data analysit.
Reasons behind choosing us?
1 - Real-time live projects.
2-well professional and experienced staff.
3-Good work culture.
4-Job placement in top mnc.
5-Advance level skills during internship.
6- Long time or short time internship.
call at 7304836635,8828366280,9099039845
Address :ambiance 1505,sector 19 d, opposite r.t.o, near turbhe station vashi , navi mumbai.","internship 
data analysis 
enginrreing"
Data Analysis Internship in Ahmdabad,"    Maxgen Technologies     (More Jobs) ",https://www.timesjobs.com/job-detail/data-analysis-internship-in-ahmdabad-maxgen-technologies-ahmedabad-bhavnagar-gandhinagar-jamnagar-mehsana-0-to-1-yrs-jobid-q0wMAPrID2JzpSvf__PLUS__uAgZw==&source=srp,"Job Description
Maxgen technologies Pvt ltd offers live project Internship Ahmedabad. .We are offering internships in  data analysis.
Our commitment while internship :
live projects we offer  .
well professional and experience staff .
Good work culture.
Job placement in top mnc.
Advance level skills during internship .
Contact us : 9099039845
Address :303 Shopper's Plaza 4, Opp. BSNL Bhavan, CG Road, Ahmedabad, Gujarat.","students 
mca 
freshers 
data analysis"
Principle Engineer in Data Analysis,"    Cotocus        ",https://www.timesjobs.com/job-detail/principle-engineer-in-data-analysis-cotocus-bengaluru-bangalore-8-to-11-yrs-jobid-K25qIwXq__SLASH__B5zpSvf__PLUS__uAgZw==&source=srp,"Job Description
		        Job Description General RequirementPreferably Masters in Computer Science / Electrical Engineering with 8  years of experience in research in areas around Artificial Intelligence,Machine-Learning/Neural Networks.Provide track record of publishing IP/Patents and papers in leading conferences related to Computer Vision, NLU, Expert SystemExperience in building solutions to problems in Audio/Image domain using Machine Learning.Experience in delivering machine learning components on edge devices and is familiar with device level optimizations.Should be able to lead a team of highly motivated individuals and guide them through various stages of research.Ability to take high level details and come up with concrete plans/approach for solution development.","machine learning 
artificial intelligence 
docker"
Data Management  /  Data Analysis,"    pentagon education services        ",https://www.timesjobs.com/job-detail/data-management-data-analysis-pentagon-education-services-bengaluru-bangalore-4-to-8-yrs-jobid-8QKZ__PLUS__j17jgtzpSvf__PLUS__uAgZw==&source=srp,"Job Description
		        Data Mining From relevant sourcesData Collation & Presentation as per the requirement.Present the mined data in compatible formats for further analysisCollate data from various sources and merge it into a single reportFilling out College Application forms as per requirementsGenerate reports for detailed analysis of business requirementsMaintain Work Status Tracker & Report to the Manager on a daily basisCreate and maintain critical data repositories safely and periodicallyJob Requirement:Excellent Typing Skills with both Speed and High Level of AccuracyWorking knowledge on MS word & MS excel.Good Communication Skills.Job Skills:MS-Excel - MUSTMS-Word - MUSTMS-PowerPoint - ADVANTAGERecruiter Contact86187 30755","Collate data 
Collate data 
critical data"
Data Analysis Internship in Pune,"    Maxgen Technologies     (More Jobs) ",https://www.timesjobs.com/job-detail/data-analysis-internship-in-pune-maxgen-technologies-pune-jalgaon-kolhapur-nagpur-solapur-0-to-1-yrs-jobid-jtIHKW45BLpzpSvf__PLUS__uAgZw==&source=srp,"Job Description
Maxgen technologies pvt ltd offering live project internship in Pune. we are offering an internship in Data Analytics  ,Data Analysis.
why our company ?
 We offer live project.
We provide long time or short time internship.
We have professional staff. we provide an assured job after the internship.
call at  us : 9607007009,9975064558, 9099039845,
Address : 509, 5th floor, pride icon, kharadi, near atithi veg Restaurant Pune .","pune 
data analysis"
Data Analysis Internship in Mumbai,"    Maxgen Technologies     (More Jobs) ",https://www.timesjobs.com/job-detail/data-analysis-internship-in-mumbai-maxgen-technologies-mumbai-dombivali-kalyan-navi-mumbai-thane-0-to-1-yrs-jobid-uRqOVzToTuVzpSvf__PLUS__uAgZw==&source=srp,"Job Description
Maxgen technologies pvt ltd offering live project internship in Mumbai. We are offering an internship in data analysis ,data analyst.
why our company ?
 We offer live project.
We provide long time or short time internship.
We have professional staff. we provide an assured job after the internship.
call us  : 8828366280 , 7304836635, 9099039845
Address : Ambiance Court 1505,sector 19 d, opposite r.t.o, near turbhe station, Navi Mumbai.","internship 
mumbai"
The Beginners Guide to Data Analysis,"    ASPIRE HOLIDAY     (More Jobs) ",https://www.timesjobs.com/job-detail/the-beginners-guide-to-data-analysis-aspire-holiday-bokaro-kapurthala-gangtok-agartala-bareilly-1-to-5-yrs-jobid-NgkPSmT2kR5zpSvf__PLUS__uAgZw==&source=srp,"Job Description
Job Description
Job Description
Dear candidate
we have urgent basis hiring for online Part time work from home.
It's a golden opportunity to Earn a handsome salary by doing a Part time work as per your convenience.
You can do work from anywhere any location.
Work usually requires 3 - 4 hours daily.
You should have own laptop/desktop or smart phone.
Any one can apply
Good knowledge of computer
Basic typing speed
Any Intermediate/Graduation/Diploma - Qualification Can Join.
Freshers, Housewives and Retired Professionals Can Join
Mobile/Desktop/Laptop Is Mandatory
Training & Demo Will Be Provided By Our Side
+91-7669741520",fresher data entry students graduate admin computer operator office assistant front office executive customer service executive
Data Analysis Internship in Pune,"    Maxgen Technologies     (More Jobs) ",https://www.timesjobs.com/job-detail/data-analysis-internship-in-pune-maxgen-technologies-pune-amravati-aurangabad-sangli-satara-0-to-1-yrs-jobid-qovmnZi2LyhzpSvf__PLUS__uAgZw==&source=srp,"Job Description
Maxgen technologies Pvt ltd offers live project Software Develpment Internship in Pune .we are offering internships in Data Analysis ,Data Analyst.
What we Provide ;
Real-time live projects . 
well professional and experience staff . 
Good work culture. 
Job placement in top mnc. 
Advance level skills during internship . 
We provide assured job placement after internship . 
call at  us : 9607007009,9975064558, 9099039845,
Address : 509, 5th floor, pride icon, kharadi, near atithi veg Restaurant Pune .","bca 
internship 
students 
freshers 
data analysis"
Data Analysis remote job,"    Priyanka Vinayak     (More Jobs) ",https://www.timesjobs.com/job-detail/data-analysis-remote-job-priyanka-vinayak-kolkata-lakshdweep-guntur-itanagar-sibsagar-0-to-2-yrs-jobid-MCBLnQL90kZzpSvf__PLUS__uAgZw==&source=srp,"Job Description
best opportunity for freshers and student 
We offer flexible working hours and the possibility to work from the comfort of your home. If you are organized, detail-oriented and able to work efficiently, we encourage you to apply for this exciting opportunity.
Requirements:

Reliable internet connection
A computer with current software


For more details contact or WHATSAPP your email id we will send you details:
Payment method : Daily /weekly /monthly
Available
Opening available in all over world
Regards, 
Raaj Sir
9096139260
7448072988 
9129217692 
Contact via whatsapp","online job 
Data Analysis 
remote job for students
home-based job for freshers
data entry job"
Data Analysis and Data Mining King,"    sp solutions     (More Jobs) ",https://www.timesjobs.com/job-detail/data-analysis-and-data-mining-king-sp-solutions-ahmedabad-mumbai-delhi-guntakal-nalgonda-0-to-3-yrs-jobid-e3X4ad7qyUdzpSvf__PLUS__uAgZw==&source=srp,"Job Description
online data entry jobs from home..................................
home based jobs of data entry for housewives
We r looking of friendly candidates for online operators work from home
work at your on timing....................work at your on timing....................
daily/weekly payout...................*Should have own laptop or desktop
*Basic Knowladge of computer
**Earn money from your own home join this job
you can earn upto 5-8k daily within few hours
  *daily 2-5 hour only. According u want to earn
*For all information send your name only on our whatsapp no                                                                                    .Raaj Sir
9096139260
7448072988                                                                                                                                                                                        Regard
HR","Data Base Administration 
Sas 
Macros 
Python 
Vba 
Autocad 
Mis Reports 
Staad Pro 
Autodesk Revit 
3ds Max 
Adobe Photoshop 
Ms Word 
Accounting"
The Beginner’s Guide to Data Analysis,"    sp solutions     (More Jobs) ",https://www.timesjobs.com/job-detail/the-beginner-s-guide-to-data-analysis-sp-solutions-haldwani-haridwar-nainital-roorkee-rudrapur-0-to-3-yrs-jobid-ltE6vzPOGDxzpSvf__PLUS__uAgZw==&source=srp,"Job Description
It is a data entry work , so one shoold know the proper data entry [login to view URL] is alo aexcel type work so it can work in excel .
Skills: Data Entry, Excel, Web Search, Data Processing, Virtual Assistant
*Basic Knowledge of computer
*this opportunity is for all fresher/houswives/retired person/experience/unexperience and handicam persons can also apply>>>>>>>>>>>>>>>>
feel free to contact us
*For all information send your name only on our whatsapp no .                                                                                 Raaj Sir
9096139260
7448072988                                                                                                                                                                                        Regard                                                                                                                                                                                                   SP SOLUTION","data entry 
data entry operator 
computer operator 
office assistant 
operator 
executive 
field engineer"
Great opportunity for Data Analysis Manager,"    Priyanka Vinayak     (More Jobs) ",https://www.timesjobs.com/job-detail/great-opportunity-for-data-analysis-manager-priyanka-vinayak-hyderabad-secunderabad-daman-diu-nalgonda-itanagar-jorhat-0-to-2-yrs-jobid-aLao2cevRZNzpSvf__PLUS__uAgZw==&source=srp,"Job Description
We offer a flexible work schedule and the opportunity to work remotely. If you are organized, detail-oriented, and able to work efficiently, we encourage you to apply for this exciting opportunity.
Requirements:

Internet connection
Computer
	

For more info WHATSAPP :
 
Payment method : Daily /weekly /monthly
Available
Opening available in all over world
Regards, 
Raaj Sir
9096139260
7448072988 
9129217692 
Contact via whatsapp","Assistant Manager 
analyst 
remote jobs 

data entry jobs 
freshman 
part time jobs"
The Beginner’s Guide to Data Analysis,"    sp solutions     (More Jobs) ",https://www.timesjobs.com/job-detail/the-beginner-s-guide-to-data-analysis-sp-solutions-bengaluru-bangalore-gurgaon-khammam-tirupati-itanagar-1-to-5-yrs-jobid-js86EB1CgQJzpSvf__PLUS__uAgZw==&source=srp,"Job Description
It is a data entry work , so one shoold know the proper data entry [login to view URL] is alo aexcel type work so it can work in excel .
Skills: Data Entry, Excel, Web Search, Data Processing, Virtual Assistant
*Basic Knowledge of computer
*this opportunity is for all fresher/houswives/retired person/experience/unexperience and handicam persons can also apply>>>>>>>>>>>>>>>>
feel free to contact us
*For all information send your name only on our whatsapp no .                                                                                 Raaj Sir
9096139260
7448072988                                                                                                                                                                                        Regard                                                                                                                                                                                                   SP SOLUTION","data entry 
data entry operator 
computer operator 
office assistant 
operator 
executive 
field engineer"
"SR Specialist ,  Pharmacovigilance Systems  &  Data Analysis","    Boehringer Ingelheim India Pvt Ltd        ",https://www.timesjobs.com/job-detail/sr-specialist-pharmacovigilance-systems-data-analysis-boehringer-ingelheim-india-pvt-ltd-1-to-5-yrs-jobid-NDnxKSDLuqlzpSvf__PLUS__uAgZw==&source=srp,"Job Description
		        Execute activities associated with the Global PV processes for PV Computerized Systems Administration and Data Analysis. Monitor these processes to ensure continued compliance with all BIV PV SOPs and competent health authority regulations. Identify areas which require change to maintain compliance and develop solutions.Subject Matter Expert for PV Systems, database administration, computerized system validation and data retrieval.Manages projects under direction of Principal Specialist and/or PV Systems and Data Analysis Manager.Acts as a resource to support PV (global and local).As an employee of Boehringer Ingelheim, you will actively contribute to the discovery, development and delivery of our products to our patients and customers. Our global presence provides opportunity for all employees to collaborate internationally, offering visibility and opportunity to directly contribute to the companies' success. We realize that our strength and competitive advantage lie with our people. We support our employees in a number of ways to foster a healthy working environment, meaningful work, diversity and inclusion, mobility, networking and work-life balance. Our competitive compensation and benefit programs reflect Boehringer Ingelheim's high regard for our employees.Duties & Responsibilities:Pharmacovigilance Systems & Change Control:Works with Global Training Team to develop training materials for system updatesDevelops, executes and documents validation tests (test scripts) in coordination with Principal Specialist and/or PV Systems Manager for PV System change control activities in line with applicable Change Management Procedures.Utilizes expert knowledge of PV Systems and processes to identify and resolve issues identified during PV Systems validation testing and routine system useParticipates in the Change Advisory Board (CAB) for PV Systems as neededReviews supportive documentation (e.g. system configuration, URS, configuration checklist) associated with change controlsTechnical administration of all PV System environments (e.g. development, validation, production, training), including but not limited to:Responsible for investigating issues received from the user community that require advanced knowledge of the PV System to solve.Has expert knowledge of company processes to ensure entries and/or activities do not interfere with other system interfaces and processesPV Systems contact within Global PV:Subject matter expert in developing and executing PV database searches including but not limited to routine regulatory reports, departmental metric reports and ad hoc requestsDevelops of new methods of identifying required case data via queries within PV Systems and using external tools (e.g. SQL)Supports product Surveillance & Risk Management activities including administration of requests for Pharmacovigilance Information (RPI)Provides PV System expertise at global and regional team meetings as requestedContributes to the design and development of solutions to meet business needsMaintains compliance with corporate procedures and with global regulatory requirements:Provides data support (e.g. line listings, reports) during audits and authority inspections as needed.Maintains proper records in accordance with relevant Standard Operating Procedures (SOPs) and policies.Participates in drafting and ensures review of department SOPs and related documents, within an environment of continuous improvement.Completes other tasks as assigned.Requirements:Bachelors degree (e.g. Biology, Statistics, IS/IT) from an accredited institution.Minimum of five (5) years of experience working within a GMP/Compliance environment with a focus on data analysis.Advanced degree (e.g. MSc, MBA) preferred.Experience working with PVWorks, Trackwise or similar validated databases.Experience working with databases and database system support.Must have Regulatory and/or Compliance experience.Demonstrated experience using SQL and SQL Software tools, Qlikview and/or statistical software tools and Crystal Reports.Working to develop knowledge of Animal Health Regulatory/Pharmacovigilance laws and guidelines.Must have ability to remain calm under pressure and work to meet strict regulatory and customer driven timelines.Demonstrates problem solving skills including prioritization, innovation and creativity, managing information from multiple sources both internal and external.Must ensure compliance requirements are met for different regulatory authorities worldwide with varying requirements.Responsible for advanced system administration activities and escalates to Principal Specialist or Manager of PV Systems if configuration changes are needed.Develops new report queries/formats and executes routine reports.Supports PV System projects under direction of Principal Specialist and/or PV Systems and Data Analysis Manager.Proficiency with Microsoft Office products, specifically advanced graphing in Excel.Demonstrated experience with computer systems validation deliverables and change control documentation.Excellent oral and written communication skills and an ability to operate effectively in a global and team environments and to build consensus.Attention to detail, quality focused and strong technical and problem solving skills.Must have excellent organization and time management skills.Ability to manage conflict and provide solutions to balance business needs with user friendliness.Ability to think and work creatively and independently, under pressure, demonstrating initiative and flexibility.Fluent in spoken and written English.Eligibility Requirements:Must be legally authorized to work in the United States without restriction.Must be willing to take a drug test and post-offer physical (if required).Must be 18 years of age or older.","testing 
system validation 
validation testing 
test scripts 
sql 
healthcare 
system administration 
database 
written communication"
Specialist- Information Security  &  Data Analysis,"    crescendo global        ",https://www.timesjobs.com/job-detail/specialist-information-security-data-analysis-crescendo-global-mumbai-5-to-7-yrs-jobid-BHHLHzWrzclzpSvf__PLUS__uAgZw==&source=srp,"Job Description
		        Responsibilities:Allocation of intakes to security consultants, general reporting capabilitiesConducting technology risk assessments, starting with simple technologies and developing over timeIdentifying security control gaps in line with companys framework, propose security requirements for mitigation or remediation, highlight cyber risks linking to companys Cyber RiskProduce final risk reports outlining relevant information and final riskEnsuring any appropriate policy exceptions are raised by the owner and validate relevant gaps covered and include a remediation plan with clearly defined implementation datesAbility to work with data to produce key metrics and management information dashboards supporting key decision making. Using Power BI to update and publish existing reports and to create new reports when needed.Supporting ongoing automation tool improvements for the function purposesAgile development of one-off workflows supporting Regulatory, Legal and Data Privacy on attestationsExperience in information security, and willing to work towards appropriate professional qualifications, such as CISM, CISSP, CISA, CRISC, ISO27001 Lead Auditor.Whilst this is not a hands-on technical role, the role holder will be expected to demonstrate a strong awareness of technology and how IT is used to enable business processes.Qualifications:Qualified to degree level, preferably in a business, IT or security related subject.Strong knowledge of using Microsoft Office Suite, Power BI, and SharePointExperience working as part of a business support function such as risk, compliance or information security in a large enterprise5-7 Years experience in Information SecurityDemonstrable knowledge of security risk management tools, methodologies, and practices","bi 
cissp 
security 
technology risk 
cisa 
information security 
cism 
iso 27001 
data privacy"
"Associate Consultant ,  Reporting  &  Data Analysis","    axa xl        ",https://www.timesjobs.com/job-detail/associate-consultant-reporting-data-analysis-axa-xl-gurgaon-7-to-10-yrs-jobid-xKBdD0qtIyJzpSvf__PLUS__uAgZw==&source=srp,"Job Description
		        Support all the data analysis and report generation requests around Global Program portfolio:Statistical analysis of the data with hands on experience in interpretation of the data and driving actionable insights from the same.Supporting and taking the data analysis to next level by adding a predictive spin to our data.Put together new age presentations to be shared with senior management.Define and execute reports using advance excel and power BI skills which can be automated and executed on desired frequency.Accuracy is key as data is shared with Senior Management and used for driving actions. Therefore, every request needs to be checked thoroughly for its accuracy and analyzed critically from business perspective before sharing with stakeholders.Actively support your manager in developing other key metrics / data analysis request as may be required overtime.Drive a clean-up initiative to address challenges in the current data set to facilitate more trustworthy data analysis and predictive analysis.Support with your business knowledge, the development of BI solutions on Power BI and undertake the maintenance on an ongoing basis.Participate in team calls during UK & US time zones.Respond to queries received from network relating to published metrics and/ or specific analysis conducted.Overtime develop yourself with business knowledgeUnderstand the business processes around global programs with a focus to understand program lifecycle.Develop working understanding of the policy processing tools to understand the program implementation process.Understand the terminology used in the Global Program space to effectively understand the discussion and contribute meaningfully.Thoroughly understand the underlying Global Programs data set with a special focus on owned offices/ Partner offices  both from producing and incoming side.Understand country specific nuances and how to use them to generate required statistics & analysis.Develop your understanding around Global Program business and validate your understanding from the data and over time become Subject Matter ExpertSHARE your talentGraduate/ Post graduate (preferably Statistics / Mathematics) from reputed Indian University.Overall experience of 7 years or more in a role involving data analysis and reporting using BI tools.Prior experience in a role involving data Interpretation, analysis and driving actionable insights is must.Excellent knowledge required along with hands on experience on Power BI, Advance Excel & Power point.Intermediate knowledge of SQL will be an added advantage.Ability to apply own judgment. This will be vital given the time-zone difference, the candidate will have to turnaround requests within a short timeframe, which requires to use judgment and making assumptions.Being curious meaning someone who is looking for insights and answers in the data.Attention for detail. Must display ownership & Initiative.Logical and critical thinking with willingness to question and challenge.Good problem solving and trouble-shooting ability.Demonstrates strong communication and interpersonal skills (within team, internally and with onshore colleagues) with high level of energy.A team player with a drive for excellence.Strong commitment on delivery timelines.Self-motivated with the ability to work independently in a fast-paced environment.Previous experience of working in an Insurance process will be useful.Experience in a role which involves regular calls / meetings.","program implementation 
interpersonal skills
hr 
communication
ites 
processing"
Presales,"    immidart technologies llp        ",https://www.timesjobs.com/job-detail/presales-immidart-technologies-llp-bengaluru-bangalore-0-to-3-yrs-jobid-4gFP30J0I11zpSvf__PLUS__uAgZw==&source=srp,"Job Description
		        Presales Primary skillsQualified MBA ProfessionalB2BExcellent presentation and demonstration skillsImmigrationBid Management, RFI, RFP.Good Analytical skills and well versed with MS office (word,excel, powerpoint) to prepare proposal, perform financial business cases and data analysis.Good Understanding and appreciation of the Technology LandscapePreferred skillsExcellent organization skillsProven ability to multitask and prioritize under pressureWillingness to travelExperience with Global customers preferred or with Large Indian Enterprises.","data analysis 
rfi 
presales"
Analyst - Petrochemicals,"    Argus Media        ",https://www.timesjobs.com/job-detail/analyst-petrochemicals-argus-media-0-to-3-yrs-jobid-pgwXNOf60RxzpSvf__PLUS__uAgZw==&source=srp,"Job Description
		        Argus was founded in 1970 and is a privately held UK-registered company. It is owned by employee shareholders, global growth equity firm General Atlantic and Hg, the specialist software and technology services investor. Argus Media is committed to ensuring career and personal growth for all its staff and provides extensive training and career development opportunities, as well as participation in employee-led initiatives, including a womens network.What will you be doing?We are looking for a passionate, driven, and energetic analyst to join the growing Petrochemicals team. The ideal candidate will be an excellent analyst and will thrive in a fast-paced environment. They will also be process-oriented and have a keen eye for detail. This is a great opportunity for someone looking to build a career in consulting as a Petrochemicals specialist and/or develop their data analysis skills and knowledge of the energy industry.Key ResponsibilitiesSupport and develop petrochemical analytics products using data management, industry analysis, and preparation of written contentMaintain and balance models each month to forecast industry pricesProvide input on economic and statistical modelling methodologyConsolidate regional information from internal teams and incorporate into your analysisDevelop expertise within a particular area of petrochemicals such as olefins, polymers or aromaticsSupport business development and marketing initiativesWhat were looking for in you:Industry experience within the chemical or energy industryResearch and analysis experience from strategic planning departments or consulting positions a plusStrong experience in market research, data management, and analysis in chemical or energy commodity marketsAbility to work from Argus London office 3  days per weekWhats in it for youOur rapidly growing, award-winning business offers a dynamic environment for talented, entrepreneurial professionals to achieve results and grow their careers. Argus recognizes and rewards successful performance and as an Investor in People, we promote professional development and retain a high-performing team committed to building our success.","data analysis 
consulting 
analyst"
Petrochemical Analyst,"    Armaco Chemical Processes Systems Pvt Ltd        ",https://www.timesjobs.com/job-detail/petrochemical-analyst-armaco-chemical-processes-systems-pvt-ltd-singapore-15-to-20-yrs-jobid-NgD6k2a8tVhzpSvf__PLUS__uAgZw==&source=srp,"Job Description
		        Title: Petrochemical AnalystJob Req ID: 1664Description: Aramco energizes the world economy.Aramco occupies a unique position in the global energy industry. We are the world's largest producer of hydrocarbons (oil and gas), with the lowest upstream carbon intensity of any major producer. With our significant investment in technology and infrastructure, we strive to maximize the value of the energy we produce for the world along with a commitment to enhance Aramcos value to society.Headquartered in the Kingdom of Saudi Arabia, and with offices around the world, we combine market discipline with a generations spanning view of the future, born of our nine decades experience as responsible stewards of the Kingdoms vast hydrocarbon resources. This responsibility has driven us to deliver significant societal and economic benefits to not just the Kingdom, but also to a vast number of communities, economies, and countries that rely on the vital and reliable energy that we supply. We are one of the most profitable companies in the world, as well as amongst the top five global companies by market capitalization.OverviewThe core function of the Strategy & Market Analysis organization is to advise the companys management and guide other departments within the company on energy markets and outlooks, economic evaluations, oil and products pricing, macroeconomic outlook, and international energy policies and regulations, besides assisting in business planning and strategy formulation.The Global Analysis Department helps evaluate various aspects of the companys short- and long-term global energy challenges, in addition to short- and long-term global energy market supply and demand and price projections as well as other technology and policy drivers relevant areas of interest such as macroeconomics, energy and environmental policy, gas, coal, renewables, refining, petrochemicals and emissions.The Specialist is to provide in-depth analysis and regular updates on national, regional and global policy developments related to climate change, energy and material transition, sustainability and relevant technology and economic trends/developments The Specialist will monitor current and future regulations and policy developments to identify possible impacts on the Companys operations while also identifying opportunities to engage with external stakeholders to develop studies, researches and publications on relevant topics.Key ResponsibilitiesDevelop positions and crafting key messages for company management to advocate on the global stage.Interact with Corporate Executives to convey immediate and long-term policy trends, threats and opportunities impacting the companys global operations and strategy.Provide thought leadership around global energy, climate and economic scenarios.Provide rigorous analytical and research support, data analysis on policies that are directly or indirectly related to the global energy sectors.Monitor, evaluate and Forecast energy trends and other issues with implications for the policy landscape and regulatory environment.Create platforms and provide guidance on modelling, assumptions and analytical tools to evaluate policies and conduct policy impact assessments.Draft reports on technical and policy issues, be able to benchmark and apply best practices to the Company context.Provide expert judgment, by way of thorough analysis on queries from management involving global policy and regulation issues.Provide support to Saudi Aramco events in order to increase employee understanding of energy policies and regulations.Able to work effectively with the minimum of supervision on ad-hoc tasks.Able to perform consistently with changing deadlines and shifting work priorities.Ensure both timeliness and a high level of analytical and editorial quality of work.Mentor young professionals.Minimum RequirementsBachelors degree in, international/public policy, economics, environmental law, or energy related sciences or degree in related field is required.At least 15-20 years of relevant professional experience in applied policy analysis, with at least 5 years of experience dealing with energy policies, regulations and corporate strategies.Proven ability to evaluate complex policy issues in a rigorous analytical fashion.Thorough understanding of current global energy policies. Experience in analyzing policy and regulation in both developed and developing countries is a plus.Ability to work with and utilize scenario-based and modelling tools to produce various deliverables.Proven ability to interface and effectively communicate with management at all levels within the organization and with relevant external stakeholders.Able to communicate complex technical and legal concepts in a clear, impactful and succinct manner to individuals and groups from diverse professional backgrounds.","data analysis 
infrastructure 
analyst"
Data Analyst Internship in Pune,"    Maxgen Technologies     (More Jobs) ",https://www.timesjobs.com/job-detail/data-analyst-internship-in-pune-maxgen-technologies-pune-jalgaon-kolhapur-nagpur-solapur-0-to-1-yrs-jobid-v0CP7WFcYuBzpSvf__PLUS__uAgZw==&source=srp,"Job Description
Maxgen Technologies Pvt Ltd offering College Project Internship in Pune Maharashtra . Internship we are offering In data analysis and data analyst.while most employees feel that their lack of decision-making authority contributes to job discontent, data professionals do not. it will be a highly gratifying profession since you will play a special function inside the organisation and be a crucial component of corporate policies and future initiatives.
Call us 9975064558,9607007009 ,9099039845 .
Address 509 ,5th floor pride icon near atithi veg restaurant kharadi pune.","internship 
data analysis"
Data Analyst Internship in Pune,"    Maxgen Technologies     (More Jobs) ",https://www.timesjobs.com/job-detail/data-analyst-internship-in-pune-maxgen-technologies-pune-jalgaon-kolhapur-nagpur-solapur-0-to-1-yrs-jobid-hMcf__PLUS__VFQRI5zpSvf__PLUS__uAgZw==&source=srp,"Job Description
Maxgen Technologies Pvt Ltd offering College Project Internship in Pune Maharashtra . Internship we are offering In Core Python , Data Analytics ,Data Analysis. 
What we are Provide to Interns ? 
Available for offline or online internship .
Have relevant skills and interests .
Can start the internship immedialtly . 
Are available for a duration of Long time and Short time.
 Call us : 9607007009 .9975064558,9099039845, 
Address : 509 ,5th floor pride icon near atithi veg restaurant kharadi Pune.","internship 
hring 
Data Analysis"
Data Analyst,"    Ismail Shaikh     (More Jobs) ",https://www.timesjobs.com/job-detail/data-analyst-ismail-shaikh-bengaluru-bangalore-chennai-hyderabad-secunderabad-kolkata-0-to-3-yrs-jobid-EfTVBQxB5KxzpSvf__PLUS__uAgZw==&source=srp,"Job Description
Data Analyst Responsibilities:

Managing master data, including creation, updates, and deletion.
Managing users and user roles.
Provide quality assurance of imported data, working with quality assurance analysts if necessary.
Commissioning and decommissioning of data sets.
Processing confidential data and information according to guidelines.
Helping develop reports and analysis.
Managing and designing the reporting environment, including data sources, security, and metadata.
Supporting the data warehouse in identifying and revising reporting requirements.
Supporting initiatives for data integrity and normalization.
Assessing tests and implementing new or upgraded software and assisting with strategic decisions on new systems.
Generating reports from single or multiple systems.
Troubleshooting the reporting database environment and reports.
Evaluating changes and updates to source production systems.
Training end-users on new reports and dashboards.
Providing technical expertise in data storage structures, data mining, and data cleansing.","Data Analysis 
data analyst"
Senior Research Analyst,"    JobsLo Consultants        ",https://www.timesjobs.com/job-detail/senior-research-analyst-jobslo-consultants-bengaluru-bangalore-5-to-7-yrs-jobid-l7VSawphF7JzpSvf__PLUS__uAgZw==&source=srp,"Job Description
		        Employee must work full time from our offices in Bangalore Should be fluent in English Should have excellent writing skills in English Must have extensive report writing experience Must have experience in the energy/renewable energy sectors Need to be proficient in advanced excel  modeling, pivot tables, data analysis, etc. Will perform primary research with industry participants and government officials on a daily basis As a primary job responsibility, will need to write and execute research reports periodically with minimum assistance Generate weekly and quarterly research reports Collect primary data and write and execute custom research reports based on specific topics Consult and advise clients on market conditions and other topics as needed Attend conferences as needed to gather market intelligence Perform analyst briefings and interviews in person and over the phone Should have experience leading projects and teams Must be able to manage research teams, set agendas, and deliver reports on a deadline Will be accountable to senior management Passion for clean energy and technologies Go-getter who can execute reports independently Ability to grasp new technology concepts Must be extremely good with numbers A team player who can work harmoniously with others Punctual and professional Hardworking and honest in performing any duties assigned Ability to work late as needed to meet deadlines Candidate should have a strong desire to learn and grow with the company To be considered, a candidate MUST provide samples of research reports you have written. Must be able to send a writing test based on a topic assigned Please do not apply if you cannot comply with our requirementsMore Information INR Month Experience 5-7 yrsQualification Graduation","data analysis 
advanced excel 
analyst"
MIS Executive,"    One Point One Solutions        ",https://www.timesjobs.com/job-detail/mis-executive-one-point-one-solutions-navi-mumbai-mumbai-5-to-8-yrs-jobid-SqMNWLyHl85zpSvf__PLUS__uAgZw==&source=srp,"Job Description
		        . Should have at least 5 years MIS experienceInvolves Data Analysis & careful scrutinizing of the business data.Role also involves detailed data analysis. Knowledge of Adv. Excel, and Pivot Charts etc. will be an added advantage.Well versed with Macros and slicersMaintain MIS and report scope of improvement.Ensure process improvement and adherence to MIS reports.Handling data at Pan India levelManage team MIS to monitor and scale up skills and productivity.Excellent oral and written communication skills.Fast learnerExcellent Knowledge of MS Excel, Macro, Adv. Excel, Power Point etc.Excellent analyticalGood knowledge of the web applications and their functioning (Internet & Search Engines) .ELIGIBILITY CRITERIA.Graduation:-Any. .5 years.","macros 
data analysis 
written communication"
